Episode,Success Rate
1,0.0
2,0.0
3,0.0
4,0.0
5,0.2
6,0.3333333333333333
7,0.2857142857142857
8,0.375
9,0.4444444444444444
10,0.5
